"Name","RelativeUrl","Url","Modified"
"SiteLists.csv","/Documents/SiteLists.csv","http://lst-app/Documents/SiteLists.csv","7/21/2015 10:45:56 AM"
"Premigration_test.xlsx","/Documents/Premigration_test.xlsx","http://lst-app/Documents/Premigration_test.xlsx","7/21/2015 10:46:24 AM"
"AppAgentRuntime.log","/Documents/Folder1/AppAgentRuntime.log","http://lst-app/Documents/Folder1/AppAgentRuntime.log","12/23/2015 8:21:05 AM"
"CopyReport_Announcements_2015723_07-57-49.xlsx","/MigrationTest/SubFolder/CopyReport_Announcements_2015723_07-57-49.xlsx","http://lst-app/MigrationTest/SubFolder/CopyReport_Announcements_2015723_07-57-49.xlsx","12/25/2015 1:37:33 PM"
"run_MOSS_ExportLists.png","/MigrationTest/run_MOSS_ExportLists.png","http://lst-app/MigrationTest/run_MOSS_ExportLists.png","12/25/2015 1:48:22 PM"
"Test.txt","/MigrationTest/Test.txt","http://lst-app/MigrationTest/Test.txt","12/25/2015 1:49:51 PM"
"CopyReport_Tasks_2015723_07-57-52.xlsx","/MigrationTest/SubFolder/SubSubFolder/CopyReport_Tasks_2015723_07-57-52.xlsx","http://lst-app/MigrationTest/SubFolder/SubSubFolder/CopyReport_Tasks_2015723_07-57-52.xlsx","12/29/2015 7:07:22 PM"
"Migration.csv","/subsite1/Shared Documents/Migration.csv","http://lst-app/subsite1/Shared%20Documents/Migration.csv","4/24/2015 1:30:10 PM"
"Premigration_test.xlsx","/subsite2/Shared Documents/Premigration_test.xlsx","http://lst-app/subsite2/Shared%20Documents/Premigration_test.xlsx","4/25/2015 2:31:47 PM"
"Accounts.txt","/subsite2/Shared Documents/Accounts.txt","http://lst-app/subsite2/Shared%20Documents/Accounts.txt","4/25/2015 2:32:02 PM"
